{
  "split": "test",
  "imgsz": 768,
  "device": "cpu",
  "overall": {
    "mAP50": 0.7070521398452907,
    "mAP50_95": 0.5380350686320055,
    "mAP75": 0.6158713488248401
  },
  "per_class": {
    "Car": {
      "precision": 0.904292918777161,
      "recall": 0.8658041350801542,
      "mAP50": 0.9260108470639764,
      "mAP50_95": 0.8011480368340596
    },
    "Pedestrian": {
      "precision": 0.8596805485588741,
      "recall": 0.6059475970755995,
      "mAP50": 0.6370243821238277,
      "mAP50_95": 0.3954659984792527
    },
    "TrafficLight": {
      "precision": 0.7837033374128567,
      "recall": 0.8163771712158809,
      "mAP50": 0.8859044952031067,
      "mAP50_95": 0.6473562911867696
    },
    "TrafficSign": {
      "precision": 0.31997561514306,
      "recall": 0.5454545454545454,
      "mAP50": 0.3792688349902524,
      "mAP50_95": 0.3081699480279402
    }
  },
  "results_dir": "evaluation"
}
